Order_Year_Month,Order_YM_Date,Total_Sales,Total_Profit,Total_Orders,Total_Units,Avg_Discount
2011-01,2011-01-01,13946.23,2446.77,31,282,12.63
2011-02,2011-02-01,4810.56,865.73,29,161,17.55
2011-03,2011-03-01,55691.01,498.73,71,585,16.75
2011-04,2011-04-01,28295.35,3488.84,66,536,11
2011-05,2011-05-01,23648.29,2738.71,69,466,15.53
2011-06,2011-06-01,34595.13,4976.52,66,521,17.2
2011-07,2011-07-01,33946.39,-841.48,65,550,17.17
2011-08,2011-08-01,27909.47,5318.1,72,609,13.1
2011-09,2011-09-01,81777.35,8328.1,130,1000,16
2011-10,2011-10-01,31453.39,3448.26,78,573,16.01
2011-11,2011-11-01,78628.72,9292.13,151,1219,15.12
2011-12,2011-12-01,69545.62,8983.57,141,1079,19.08
2012-01,2012-01-01,18174.08,-3281.01,29,236,17.79
2012-02,2012-02-01,12210.87,2821.28,38,248,12.99
2012-03,2012-03-01,38466.8,9724.67,77,506,14.03
2012-04,2012-04-01,34195.21,4187.5,72,543,17.59
2012-05,2012-05-01,30131.69,4667.87,74,575,16.61
2012-06,2012-06-01,24797.29,3335.56,68,486,17.25
2012-07,2012-07-01,28765.32,3288.65,66,557,17.04
2012-08,2012-08-01,36898.33,5355.81,68,598,15.64
2012-09,2012-09-01,64595.92,8209.16,140,1086,14.1
2012-10,2012-10-01,31404.92,2817.37,87,631,16.23
2012-11,2012-11-01,75972.56,12474.79,158,1310,16.23
2012-12,2012-12-01,74919.52,8016.97,161,1203,13.72
2013-01,2013-01-01,18542.49,2824.82,48,358,13.26
2013-02,2013-02-01,22867.71,4996.25,44,299,9.51
2013-03,2013-03-01,51186.22,3625.27,85,575,19.02
2013-04,2013-04-01,39248.59,2957.84,88,634,15.41
2013-05,2013-05-01,56691.08,8627.48,109,854,18.47
2013-06,2013-06-01,39430.44,4499.58,97,746,14.31
2013-07,2013-07-01,38440.75,4464.66,96,756,16.06
2013-08,2013-08-01,33265.56,2328.35,91,710,18.21
2013-09,2013-09-01,72908.11,9360.49,191,1311,14.76
2013-10,2013-10-01,56463.13,15763.38,102,740,15.34
2013-11,2013-11-01,82192.32,4376.07,186,1423,15.77
2013-12,2013-12-01,97237.42,17902.73,173,1404,13.33
2014-01,2014-01-01,44703.14,7208.68,74,624,16.17
2014-02,2014-02-01,20283.51,1605.65,52,360,18.54
2014-03,2014-03-01,53908.96,12957.9,111,825,12.87
2014-04,2014-04-01,40112.42,2803.63,112,728,18.78
2014-05,2014-05-01,45651.24,6274.46,130,955,15.8
2014-06,2014-06-01,48259.75,8087.67,125,891,17.12
2014-07,2014-07-01,48428.36,6623.56,112,842,14.47
2014-08,2014-08-01,61516.09,8894.45,110,879,14.17
2014-09,2014-09-01,90488.72,11395.44,229,1676,14.7
2014-10,2014-10-01,77793.76,9440.66,150,1151,17.32
2014-11,2014-11-01,112326.47,9682.55,252,1789,16.22
2014-12,2014-12-01,90474.6,8532.87,235,1783,14.62
