Category,Sub_Category,Total_Sales,Total_Profit,Avg_Sales,Avg_Profit,Avg_Discount,Overall_Margin,Total_Quantity,Total_Orders
Technology,Copiers,149528.03,55617.82,2198.94,817.91,16.18,37.2,234,68
Technology,Phones,330007.05,44515.73,371.21,50.07,15.46,13.49,3289,814
Technology,Accessories,167380.32,41936.64,215.97,54.11,7.85,25.05,2976,718
Office Supplies,Paper,78479.21,34053.57,57.28,24.86,7.49,43.39,5178,1191
Office Supplies,Binders,203412.73,30221.76,133.56,19.84,37.23,14.86,5974,1316
Furniture,Chairs,328449.1,26590.17,532.33,43.1,17.02,8.1,2356,576
Office Supplies,Storage,223843.61,21278.83,264.59,25.15,7.47,9.51,3158,777
Office Supplies,Appliances,107532.16,18138.01,230.76,38.92,16.65,16.87,1729,451
Furniture,Furnishings,91705.16,13059.14,95.83,13.65,13.83,14.24,3563,877
Office Supplies,Envelopes,16476.4,6964.18,64.87,27.42,8.03,42.27,906,249
Office Supplies,Art,27118.79,6527.79,34.07,8.2,7.49,24.07,3000,731
Office Supplies,Labels,12486.31,5546.25,34.3,15.24,6.87,44.42,1400,346
Technology,Machines,189238.63,3384.76,1645.55,29.43,30.61,1.79,440,112
Office Supplies,Fasteners,3024.28,949.52,13.94,4.38,8.2,31.4,914,215
Office Supplies,Supplies,46673.54,-1189.1,245.65,-6.26,7.68,-2.55,647,187
Furniture,Bookcases,114880,-3472.56,503.86,-15.23,21.11,-3.02,868,224
Furniture,Tables,206965.53,-17725.48,648.79,-55.57,26.13,-8.56,1241,307
